Site,Timestamp,Status,StateDesc
SPS_A1,2017-04-20 14:54:54,1,RUNNING
SPS_A1,2017-04-20 14:55:18,0,STOPPED
SPS_A1,2017-04-25 20:13:14,1,RUNNING
SPS_A1,2017-04-25 20:18:08,0,STOPPED
SPS_A1,2017-04-25 20:34:00,1,RUNNING
SPS_A1,2017-04-25 20:39:03,0,STOPPED
SPS_A1,2017-05-14 01:00:07,1,RUNNING
SPS_A1,2017-05-14 01:04:35,0,STOPPED
SPS_A1,2017-05-14 04:54:32,1,RUNNING
SPS_A1,2017-05-14 04:58:29,0,STOPPED
SPS_A1,2017-05-14 05:21:39,1,RUNNING
SPS_A1,2017-05-14 05:25:28,0,STOPPED
SPS_A1,2017-05-14 05:43:23,1,RUNNING
SPS_A1,2017-05-14 05:47:36,0,STOPPED
SPS_A1,2017-05-14 06:04:11,1,RUNNING
SPS_A1,2017-05-14 06:08:56,0,STOPPED
SPS_A1,2017-05-14 06:25:25,1,RUNNING
SPS_A1,2017-05-14 06:29:38,0,STOPPED
SPS_A1,2017-05-14 06:46:29,1,RUNNING
SPS_A1,2017-05-14 06:51:07,0,STOPPED
SPS_A1,2017-05-14 07:07:11,1,RUNNING
SPS_A1,2017-05-14 07:12:04,0,STOPPED
SPS_A1,2017-05-14 07:29:26,1,RUNNING
SPS_A1,2017-05-14 07:33:55,0,STOPPED
SPS_A1,2017-05-14 07:51:35,1,RUNNING
SPS_A1,2017-05-14 07:55:47,0,STOPPED
SPS_A1,2017-05-14 08:14:54,1,RUNNING
SPS_A1,2017-05-14 08:19:23,0,STOPPED
SPS_A1,2017-05-14 08:42:28,1,RUNNING
SPS_A1,2017-05-14 08:46:41,0,STOPPED
SPS_A1,2017-05-14 09:14:05,1,RUNNING
SPS_A1,2017-05-14 09:18:18,0,STOPPED
SPS_A1,2017-05-14 09:39:39,1,RUNNING
SPS_A1,2017-05-14 09:43:52,0,STOPPED
SPS_A1,2017-05-14 10:04:26,1,RUNNING
SPS_A1,2017-05-14 10:09:10,0,STOPPED
SPS_A1,2017-05-14 10:28:16,1,RUNNING
SPS_A1,2017-05-14 10:32:44,0,STOPPED
SPS_A1,2017-05-14 10:50:40,1,RUNNING
SPS_A1,2017-05-14 10:55:41,0,STOPPED
SPS_A1,2017-05-14 11:12:56,1,RUNNING
SPS_A1,2017-05-14 11:17:41,0,STOPPED
SPS_A1,2017-05-14 11:35:29,1,RUNNING
SPS_A1,2017-05-14 11:40:06,0,STOPPED
SPS_A1,2017-05-14 15:35:03,1,RUNNING
SPS_A1,2017-05-14 15:39:56,0,STOPPED
SPS_A1,2017-05-14 15:58:48,1,RUNNING
SPS_A1,2017-05-14 16:03:24,0,STOPPED
SPS_A1,2017-05-14 16:21:28,1,RUNNING
SPS_A1,2017-05-14 16:26:12,0,STOPPED
SPS_A1,2017-05-14 16:44:39,1,RUNNING
SPS_A1,2017-05-14 16:48:05,0,STOPPED
SPS_A1,2017-05-16 14:23:55,1,RUNNING
SPS_A1,2017-05-16 14:28:40,0,STOPPED
SPS_A1,2017-05-17 19:42:22,1,RUNNING
SPS_A1,2017-05-17 19:46:19,0,STOPPED
SPS_A1,2017-05-17 20:10:57,1,RUNNING
SPS_A1,2017-05-17 20:14:47,0,STOPPED
SPS_A1,2017-05-17 20:36:00,1,RUNNING
SPS_A1,2017-05-17 20:39:42,0,STOPPED
SPS_A1,2017-05-17 21:01:50,1,RUNNING
SPS_A1,2017-05-17 21:06:03,0,STOPPED
SPS_A1,2017-05-17 21:25:25,1,RUNNING
SPS_A1,2017-05-17 21:29:38,0,STOPPED
SPS_A1,2017-05-17 21:48:05,1,RUNNING
SPS_A1,2017-05-17 21:52:18,0,STOPPED
SPS_A1,2017-05-17 22:09:57,1,RUNNING
SPS_A1,2017-05-17 22:14:41,0,STOPPED
SPS_A1,2017-05-17 22:31:33,1,RUNNING
SPS_A1,2017-05-17 22:36:18,0,STOPPED
SPS_A1,2017-05-17 22:52:39,1,RUNNING
SPS_A1,2017-05-17 22:57:47,0,STOPPED
SPS_A1,2017-05-17 23:14:00,1,RUNNING
SPS_A1,2017-05-17 23:19:33,0,STOPPED
SPS_A1,2017-05-17 23:35:53,1,RUNNING
SPS_A1,2017-05-17 23:41:33,0,STOPPED
SPS_A1,2017-05-17 23:57:30,1,RUNNING
SPS_A1,2017-05-18 00:03:11,0,STOPPED
SPS_A1,2017-05-18 00:19:33,1,RUNNING
SPS_A1,2017-05-18 00:25:44,0,STOPPED
SPS_A1,2017-05-18 00:42:20,1,RUNNING
SPS_A1,2017-05-18 00:49:04,0,STOPPED
SPS_A1,2017-05-18 01:05:40,1,RUNNING
SPS_A1,2017-05-18 01:12:00,0,STOPPED
SPS_A1,2017-05-18 01:28:44,1,RUNNING
SPS_A1,2017-05-18 01:35:27,0,STOPPED
SPS_A1,2017-05-18 01:52:03,1,RUNNING
SPS_A1,2017-05-18 01:58:55,0,STOPPED
SPS_A1,2017-05-18 02:15:39,1,RUNNING
SPS_A1,2017-05-18 02:22:38,0,STOPPED
SPS_A1,2017-05-18 02:39:21,1,RUNNING
SPS_A1,2017-05-18 02:46:20,0,STOPPED
SPS_A1,2017-05-20 15:48:50,1,RUNNING
SPS_A1,2017-05-20 15:53:12,0,STOPPED
SPS_A1,2017-05-20 16:10:43,1,RUNNING
SPS_A1,2017-05-20 16:13:13,0,STOPPED
SPS_A1,2017-05-20 17:46:07,1,RUNNING
SPS_A1,2017-05-20 17:50:20,0,STOPPED
SPS_A1,2017-05-27 04:17:41,1,RUNNING
SPS_A1,2017-05-27 04:21:54,0,STOPPED
SPS_A1,2017-05-29 01:44:55,1,RUNNING
SPS_A1,2017-05-29 01:49:40,0,STOPPED
SPS_A1,2017-05-29 02:05:55,1,RUNNING
SPS_A1,2017-05-29 02:10:56,0,STOPPED
SPS_A1,2017-05-29 02:26:44,1,RUNNING
SPS_A1,2017-05-29 02:32:01,0,STOPPED
SPS_A1,2017-05-29 02:47:35,1,RUNNING
SPS_A1,2017-05-29 02:54:04,0,STOPPED
SPS_A1,2017-05-29 15:36:45,1,RUNNING
SPS_A1,2017-05-29 15:40:27,0,STOPPED
SPS_A1,2017-05-29 16:01:56,1,RUNNING
SPS_A1,2017-05-29 16:05:23,0,STOPPED
SPS_A1,2017-05-29 16:24:07,1,RUNNING
SPS_A1,2017-05-29 16:27:56,0,STOPPED
SPS_A1,2017-05-29 16:46:55,1,RUNNING
SPS_A1,2017-05-29 16:50:37,0,STOPPED
SPS_A1,2017-05-29 17:07:22,1,RUNNING
SPS_A1,2017-05-29 17:11:12,0,STOPPED
SPS_A1,2017-05-29 17:28:28,1,RUNNING
SPS_A1,2017-05-29 17:32:26,0,STOPPED
SPS_A1,2017-05-29 17:50:30,1,RUNNING
SPS_A1,2017-05-29 17:54:12,0,STOPPED
SPS_A1,2017-05-29 18:11:05,1,RUNNING
SPS_A1,2017-05-29 18:15:27,0,STOPPED
SPS_A1,2017-05-29 18:31:42,1,RUNNING
SPS_A1,2017-05-29 18:35:55,0,STOPPED
SPS_A1,2017-05-29 18:53:04,1,RUNNING
SPS_A1,2017-05-29 18:57:18,0,STOPPED
SPS_A1,2017-05-29 19:13:46,1,RUNNING
SPS_A1,2017-05-29 19:18:15,0,STOPPED
SPS_A1,2017-05-29 19:33:18,1,RUNNING
SPS_A1,2017-05-29 19:37:54,0,STOPPED
SPS_A1,2017-05-29 19:53:37,1,RUNNING
SPS_A1,2017-05-29 19:58:06,0,STOPPED
SPS_A1,2017-05-29 20:13:40,1,RUNNING
SPS_A1,2017-05-29 20:18:01,0,STOPPED
SPS_A1,2017-05-29 20:33:44,1,RUNNING
SPS_A1,2017-05-29 20:38:06,0,STOPPED
SPS_A1,2017-05-29 20:53:01,1,RUNNING
SPS_A1,2017-05-29 20:58:02,0,STOPPED
SPS_A1,2017-05-29 21:13:04,1,RUNNING
SPS_A1,2017-05-29 21:17:49,0,STOPPED
SPS_A1,2017-05-29 21:32:51,1,RUNNING
SPS_A1,2017-05-29 21:37:28,0,STOPPED
SPS_A1,2017-05-29 21:52:31,1,RUNNING
SPS_A1,2017-05-29 21:57:16,0,STOPPED
SPS_A1,2017-05-29 22:12:02,1,RUNNING
SPS_A1,2017-05-29 22:17:19,0,STOPPED
SPS_A1,2017-05-29 22:31:48,1,RUNNING
SPS_A1,2017-05-29 22:37:21,0,STOPPED
SPS_A1,2017-05-29 22:51:27,1,RUNNING
SPS_A1,2017-05-29 22:57:23,0,STOPPED
SPS_A1,2017-05-29 23:12:03,1,RUNNING
SPS_A1,2017-05-29 23:17:51,0,STOPPED
SPS_A1,2017-05-29 23:33:02,1,RUNNING
SPS_A1,2017-05-29 23:35:41,0,STOPPED
SPS_A1,2017-06-04 15:47:07,1,RUNNING
SPS_A1,2017-06-04 15:51:51,0,STOPPED
SPS_A1,2017-06-05 22:42:49,1,RUNNING
SPS_A1,2017-06-05 22:46:31,0,STOPPED
SPS_A1,2017-06-05 23:02:37,1,RUNNING
SPS_A1,2017-06-05 23:06:11,0,STOPPED
SPS_A1,2017-06-05 23:24:39,1,RUNNING
SPS_A1,2017-06-05 23:28:13,0,STOPPED
SPS_A1,2017-06-05 23:44:58,1,RUNNING
SPS_A1,2017-06-05 23:48:40,0,STOPPED
SPS_A1,2017-06-06 00:03:42,1,RUNNING
SPS_A1,2017-06-06 00:07:56,0,STOPPED
SPS_A1,2017-06-06 00:22:50,1,RUNNING
SPS_A1,2017-06-06 00:27:03,0,STOPPED
SPS_A1,2017-06-06 00:41:33,1,RUNNING
SPS_A1,2017-06-06 00:46:02,0,STOPPED
SPS_A1,2017-06-06 01:00:23,1,RUNNING
SPS_A1,2017-06-06 01:05:07,0,STOPPED
SPS_A1,2017-06-06 01:19:44,1,RUNNING
SPS_A1,2017-06-06 01:24:37,0,STOPPED
SPS_A1,2017-06-06 01:39:22,1,RUNNING
SPS_A1,2017-06-06 01:44:23,0,STOPPED
SPS_A1,2017-06-06 01:59:00,1,RUNNING
SPS_A1,2017-06-06 02:04:17,0,STOPPED
SPS_A1,2017-06-06 02:19:11,1,RUNNING
SPS_A1,2017-06-06 02:24:27,0,STOPPED
SPS_A1,2017-06-06 02:39:21,1,RUNNING
SPS_A1,2017-06-06 02:44:05,0,STOPPED
SPS_A1,2017-06-06 02:59:15,1,RUNNING
SPS_A1,2017-06-06 03:03:36,0,STOPPED
SPS_A1,2017-06-06 03:18:45,1,RUNNING
SPS_A1,2017-06-06 03:23:30,0,STOPPED
SPS_A1,2017-06-06 03:38:24,1,RUNNING
SPS_A1,2017-06-06 03:42:52,0,STOPPED
SPS_A1,2017-06-06 03:59:52,1,RUNNING
SPS_A1,2017-06-06 04:04:13,0,STOPPED
SPS_A1,2017-06-06 04:20:18,1,RUNNING
SPS_A1,2017-06-06 04:25:02,0,STOPPED
SPS_A1,2017-06-06 04:40:35,1,RUNNING
SPS_A1,2017-06-06 04:45:04,0,STOPPED
SPS_A1,2017-06-06 05:03:08,1,RUNNING
SPS_A1,2017-06-06 05:07:29,0,STOPPED
SPS_A1,2017-06-06 05:25:01,1,RUNNING
SPS_A1,2017-06-06 05:29:13,0,STOPPED
SPS_A1,2017-06-06 05:46:13,1,RUNNING
SPS_A1,2017-06-06 05:50:42,0,STOPPED
SPS_A1,2017-06-06 06:07:18,1,RUNNING
SPS_A1,2017-06-06 06:11:46,0,STOPPED
SPS_A1,2017-06-06 06:29:25,1,RUNNING
SPS_A1,2017-06-06 06:33:53,0,STOPPED
SPS_A1,2017-06-06 06:52:20,1,RUNNING
SPS_A1,2017-06-06 06:56:33,0,STOPPED
SPS_A1,2017-06-06 07:15:47,1,RUNNING
SPS_A1,2017-06-06 07:18:33,0,STOPPED
SPS_A1,2017-06-28 01:28:40,1,RUNNING
SPS_A1,2017-06-28 01:33:02,0,STOPPED
SPS_A1,2017-06-28 01:46:22,1,RUNNING
SPS_A1,2017-06-28 01:52:34,0,STOPPED
SPS_A1,2017-06-28 02:07:53,1,RUNNING
SPS_A1,2017-06-28 02:12:22,0,STOPPED
SPS_A1,2017-06-28 02:30:25,1,RUNNING
SPS_A1,2017-06-28 02:34:07,0,STOPPED
SPS_A1,2017-06-28 04:21:26,1,RUNNING
SPS_A1,2017-06-28 04:25:23,0,STOPPED
SPS_A1,2017-06-28 04:41:13,1,RUNNING
SPS_A1,2017-06-28 04:45:26,0,STOPPED
SPS_A1,2017-06-28 05:01:07,1,RUNNING
SPS_A1,2017-06-28 05:05:43,0,STOPPED
SPS_A1,2017-06-28 05:23:39,1,RUNNING
SPS_A1,2017-06-28 05:27:52,0,STOPPED
SPS_A1,2017-06-28 05:44:38,1,RUNNING
SPS_A1,2017-06-28 05:48:35,0,STOPPED
SPS_A1,2017-06-28 06:05:51,1,RUNNING
SPS_A1,2017-06-28 06:09:49,0,STOPPED
SPS_A1,2017-06-28 06:30:31,1,RUNNING
SPS_A1,2017-06-28 06:34:13,0,STOPPED
SPS_A1,2017-06-28 06:52:56,1,RUNNING
SPS_A1,2017-06-28 06:56:54,0,STOPPED
SPS_A1,2017-06-28 07:15:14,1,RUNNING
SPS_A1,2017-06-28 07:19:26,0,STOPPED
SPS_A1,2017-06-28 07:36:19,1,RUNNING
SPS_A1,2017-06-28 07:40:32,0,STOPPED
SPS_A1,2017-06-28 07:57:55,1,RUNNING
SPS_A1,2017-06-28 08:02:10,0,STOPPED
SPS_A1,2017-06-28 08:19:49,1,RUNNING
SPS_A1,2017-06-28 08:23:47,0,STOPPED
SPS_A1,2017-06-28 08:43:49,1,RUNNING
SPS_A1,2017-06-28 08:47:39,0,STOPPED
SPS_A1,2017-06-28 11:07:33,1,RUNNING
SPS_A1,2017-06-28 11:11:47,0,STOPPED
SPS_A1,2017-06-28 11:28:24,1,RUNNING
SPS_A1,2017-06-28 11:32:38,0,STOPPED
SPS_A1,2017-06-28 11:48:42,1,RUNNING
SPS_A1,2017-06-28 11:53:04,0,STOPPED
SPS_A1,2017-06-28 12:08:38,1,RUNNING
SPS_A1,2017-06-28 12:13:23,0,STOPPED
SPS_A1,2017-06-28 12:29:04,1,RUNNING
SPS_A1,2017-06-28 12:33:55,0,STOPPED
SPS_A1,2017-06-28 12:49:06,1,RUNNING
SPS_A1,2017-06-28 12:53:50,0,STOPPED
SPS_A1,2017-06-28 13:09:08,1,RUNNING
SPS_A1,2017-06-28 13:13:05,0,STOPPED
SPS_A1,2017-07-11 21:17:08,1,RUNNING
SPS_A1,2017-07-11 21:21:20,0,STOPPED
SPS_A1,2017-07-11 21:39:07,1,RUNNING
SPS_A1,2017-07-11 21:43:28,0,STOPPED
SPS_A1,2017-07-11 22:27:45,1,RUNNING
SPS_A1,2017-07-11 22:32:15,0,STOPPED
SPS_A1,2017-07-12 01:38:13,1,RUNNING
SPS_A1,2017-07-12 01:42:26,0,STOPPED
SPS_A1,2017-07-12 01:58:23,1,RUNNING
SPS_A1,2017-07-12 02:03:09,0,STOPPED
SPS_A1,2017-07-12 02:18:11,1,RUNNING
SPS_A1,2017-07-12 02:23:11,0,STOPPED
SPS_A1,2017-07-12 02:38:44,1,RUNNING
SPS_A1,2017-07-12 02:43:06,0,STOPPED
SPS_A1,2017-07-12 02:59:03,1,RUNNING
SPS_A1,2017-07-12 03:03:40,0,STOPPED
SPS_A1,2017-07-12 03:18:58,1,RUNNING
SPS_A1,2017-07-12 03:23:43,0,STOPPED
SPS_A1,2017-07-12 03:38:38,1,RUNNING
SPS_A1,2017-07-12 03:44:18,0,STOPPED
SPS_A1,2017-07-12 03:59:44,1,RUNNING
SPS_A1,2017-07-12 04:05:55,0,STOPPED
SPS_A1,2017-07-12 04:21:13,1,RUNNING
SPS_A1,2017-07-12 04:27:18,0,STOPPED
SPS_A1,2017-07-12 04:42:20,1,RUNNING
SPS_A1,2017-07-12 04:48:24,0,STOPPED
SPS_A1,2017-07-12 05:03:51,1,RUNNING
SPS_A1,2017-07-12 05:10:03,0,STOPPED
SPS_A1,2017-07-19 05:37:23,1,RUNNING
SPS_A1,2017-07-19 05:41:04,0,STOPPED
SPS_A1,2017-07-19 05:57:18,1,RUNNING
SPS_A1,2017-07-19 06:01:23,0,STOPPED
SPS_A1,2017-07-19 06:15:31,1,RUNNING
SPS_A1,2017-07-19 06:19:44,0,STOPPED
SPS_A1,2017-07-19 06:33:59,1,RUNNING
SPS_A1,2017-07-19 06:38:14,0,STOPPED
SPS_A1,2017-07-19 06:52:21,1,RUNNING
SPS_A1,2017-07-19 06:56:50,0,STOPPED
SPS_A1,2017-07-19 07:10:33,1,RUNNING
SPS_A1,2017-07-19 07:14:47,0,STOPPED
SPS_A1,2017-07-19 07:28:29,1,RUNNING
SPS_A1,2017-07-19 07:32:59,0,STOPPED
SPS_A1,2017-07-19 07:46:42,1,RUNNING
SPS_A1,2017-07-19 07:50:55,0,STOPPED
SPS_A1,2017-07-19 08:04:15,1,RUNNING
SPS_A1,2017-07-19 08:08:51,0,STOPPED
SPS_A1,2017-07-19 08:22:34,1,RUNNING
SPS_A1,2017-07-19 08:26:55,0,STOPPED
SPS_A1,2017-07-19 08:40:15,1,RUNNING
SPS_A1,2017-07-19 08:45:15,0,STOPPED
SPS_A1,2017-07-19 08:59:05,1,RUNNING
SPS_A1,2017-07-19 09:03:50,0,STOPPED
SPS_A1,2017-07-19 09:17:09,1,RUNNING
SPS_A1,2017-07-19 09:21:53,0,STOPPED
SPS_A1,2017-07-19 09:35:21,1,RUNNING
SPS_A1,2017-07-19 09:40:05,0,STOPPED
SPS_A1,2017-07-19 09:53:08,1,RUNNING
SPS_A1,2017-07-19 09:58:09,0,STOPPED
SPS_A1,2017-07-19 10:11:59,1,RUNNING
SPS_A1,2017-07-19 10:14:22,0,STOPPED
SPS_A1,2017-07-20 06:23:44,1,RUNNING
SPS_A1,2017-07-20 06:27:02,0,STOPPED
SPS_A1,2017-07-20 06:42:35,1,RUNNING
SPS_A1,2017-07-20 06:45:52,0,STOPPED
SPS_A1,2017-07-20 07:01:11,1,RUNNING
SPS_A1,2017-07-20 07:04:20,0,STOPPED
SPS_A1,2017-07-20 07:28:05,1,RUNNING
SPS_A1,2017-07-20 07:31:07,0,STOPPED
SPS_A1,2017-07-20 07:50:07,1,RUNNING
SPS_A1,2017-07-20 07:53:25,0,STOPPED
SPS_A1,2017-07-20 08:08:58,1,RUNNING
SPS_A1,2017-07-20 08:12:31,0,STOPPED
SPS_A1,2017-07-20 08:27:10,1,RUNNING
SPS_A1,2017-07-20 08:30:50,0,STOPPED
SPS_A1,2017-07-20 08:45:13,1,RUNNING
SPS_A1,2017-07-20 08:48:47,0,STOPPED
SPS_A1,2017-07-20 09:03:34,1,RUNNING
SPS_A1,2017-07-20 09:07:15,0,STOPPED
SPS_A1,2017-07-20 09:21:22,1,RUNNING
SPS_A1,2017-07-20 09:25:11,0,STOPPED
SPS_A1,2017-07-20 09:39:26,1,RUNNING
SPS_A1,2017-07-20 09:43:23,0,STOPPED
SPS_A1,2017-07-20 09:57:14,1,RUNNING
SPS_A1,2017-07-20 10:01:19,0,STOPPED
SPS_A1,2017-07-20 10:14:38,1,RUNNING
SPS_A1,2017-07-20 10:18:35,0,STOPPED
SPS_A1,2017-07-20 10:32:19,1,RUNNING
SPS_A1,2017-07-20 10:36:24,0,STOPPED
SPS_A1,2017-07-20 10:49:27,1,RUNNING
SPS_A1,2017-07-20 10:53:55,0,STOPPED
SPS_A1,2017-07-20 11:06:52,1,RUNNING
SPS_A1,2017-07-20 11:11:06,0,STOPPED
SPS_A1,2017-07-20 11:23:52,1,RUNNING
SPS_A1,2017-07-20 11:28:13,0,STOPPED
SPS_A1,2017-07-20 11:41:17,1,RUNNING
SPS_A1,2017-07-20 11:45:30,0,STOPPED
SPS_A1,2017-07-20 11:58:25,1,RUNNING
SPS_A1,2017-07-20 12:02:39,0,STOPPED
SPS_A1,2017-07-20 12:15:34,1,RUNNING
SPS_A1,2017-07-20 12:20:03,0,STOPPED
SPS_A1,2017-07-20 12:32:50,1,RUNNING
SPS_A1,2017-07-20 12:37:19,0,STOPPED
SPS_A1,2017-07-20 12:49:50,1,RUNNING
SPS_A1,2017-07-20 12:54:35,0,STOPPED
SPS_A1,2017-07-20 13:06:43,1,RUNNING
SPS_A1,2017-07-20 13:11:12,0,STOPPED
SPS_A1,2017-07-20 13:23:04,1,RUNNING
SPS_A1,2017-07-20 13:27:40,0,STOPPED
SPS_A1,2017-07-20 13:39:39,1,RUNNING
SPS_A1,2017-07-20 13:44:40,0,STOPPED
SPS_A1,2017-07-20 13:57:04,1,RUNNING
SPS_A1,2017-07-20 14:01:56,0,STOPPED
SPS_A1,2017-07-20 14:14:13,1,RUNNING
SPS_A1,2017-07-20 14:19:05,0,STOPPED
SPS_A1,2017-07-20 14:31:21,1,RUNNING
SPS_A1,2017-07-20 14:36:14,0,STOPPED
SPS_A1,2017-07-21 23:07:22,1,RUNNING
SPS_A1,2017-07-21 23:10:39,0,STOPPED
SPS_A1,2017-07-21 23:27:55,1,RUNNING
SPS_A1,2017-07-21 23:31:22,0,STOPPED
SPS_A1,2017-07-21 23:44:02,1,RUNNING
SPS_A1,2017-07-21 23:47:28,0,STOPPED
SPS_A1,2017-07-22 00:01:58,1,RUNNING
SPS_A1,2017-07-22 00:05:40,0,STOPPED
SPS_A1,2017-07-22 00:19:15,1,RUNNING
SPS_A1,2017-07-22 00:22:56,0,STOPPED
SPS_A1,2017-07-22 00:35:51,1,RUNNING
SPS_A1,2017-07-22 00:39:49,0,STOPPED
SPS_A1,2017-07-22 00:52:29,1,RUNNING
SPS_A1,2017-07-22 00:56:42,0,STOPPED
SPS_A1,2017-07-22 01:09:29,1,RUNNING
SPS_A1,2017-07-22 01:13:42,0,STOPPED
SPS_A1,2017-07-22 01:26:21,1,RUNNING
SPS_A1,2017-07-22 01:30:34,0,STOPPED
SPS_A1,2017-07-22 01:43:22,1,RUNNING
SPS_A1,2017-07-22 01:47:34,0,STOPPED
SPS_A1,2017-07-22 01:59:43,1,RUNNING
SPS_A1,2017-07-22 02:04:04,0,STOPPED
SPS_A1,2017-07-22 02:16:11,1,RUNNING
SPS_A1,2017-07-22 02:20:40,0,STOPPED
SPS_A1,2017-07-22 02:33:05,1,RUNNING
SPS_A1,2017-07-22 02:37:34,0,STOPPED
SPS_A1,2017-07-22 02:49:50,1,RUNNING
SPS_A1,2017-07-22 02:54:20,0,STOPPED
SPS_A1,2017-07-22 03:06:36,1,RUNNING
SPS_A1,2017-07-22 03:11:05,0,STOPPED
SPS_A1,2017-07-22 03:23:29,1,RUNNING
SPS_A1,2017-07-22 03:28:06,0,STOPPED
SPS_A1,2017-07-22 03:40:30,1,RUNNING
SPS_A1,2017-07-22 03:45:15,0,STOPPED
SPS_A1,2017-07-22 03:57:38,1,RUNNING
SPS_A1,2017-07-22 04:02:23,0,STOPPED
SPS_A1,2017-07-22 04:14:47,1,RUNNING
SPS_A1,2017-07-22 04:19:23,0,STOPPED
SPS_A1,2017-07-22 04:31:54,1,RUNNING
SPS_A1,2017-07-22 04:36:39,0,STOPPED
SPS_A1,2017-07-22 04:48:38,1,RUNNING
SPS_A1,2017-07-22 04:53:23,0,STOPPED
SPS_A1,2017-07-22 05:06:11,1,RUNNING
SPS_A1,2017-07-22 05:10:48,0,STOPPED
SPS_A1,2017-07-22 05:23:12,1,RUNNING
SPS_A1,2017-07-22 05:27:56,0,STOPPED
SPS_A1,2017-07-22 05:40:20,1,RUNNING
SPS_A1,2017-07-22 05:45:05,0,STOPPED
SPS_A1,2017-07-22 05:57:35,1,RUNNING
SPS_A1,2017-07-22 06:02:21,0,STOPPED
SPS_A1,2017-07-22 06:14:44,1,RUNNING
SPS_A1,2017-07-22 06:19:22,0,STOPPED
SPS_A1,2017-07-22 14:33:25,1,RUNNING
SPS_A1,2017-07-22 14:37:23,0,STOPPED
SPS_A1,2017-07-23 10:56:32,1,RUNNING
SPS_A1,2017-07-23 11:00:05,0,STOPPED
SPS_A1,2017-07-23 11:18:55,1,RUNNING
SPS_A1,2017-07-23 11:23:08,0,STOPPED
SPS_A1,2017-07-23 11:38:33,1,RUNNING
SPS_A1,2017-07-23 11:42:39,0,STOPPED
SPS_A1,2017-07-23 11:56:53,1,RUNNING
SPS_A1,2017-07-23 12:01:06,0,STOPPED
SPS_A1,2017-07-23 17:49:44,1,RUNNING
SPS_A1,2017-07-23 17:53:26,0,STOPPED
SPS_A1,2017-07-23 18:19:23,1,RUNNING
SPS_A1,2017-07-23 18:23:05,0,STOPPED
SPS_A1,2017-07-23 18:39:41,1,RUNNING
SPS_A1,2017-07-23 18:43:23,0,STOPPED
SPS_A1,2017-07-23 19:01:10,1,RUNNING
SPS_A1,2017-07-23 19:05:08,0,STOPPED
SPS_A1,2017-07-23 19:20:40,1,RUNNING
SPS_A1,2017-07-23 19:24:54,0,STOPPED
SPS_A1,2017-07-23 19:42:10,1,RUNNING
SPS_A1,2017-07-23 19:46:07,0,STOPPED
SPS_A1,2017-07-23 20:01:24,1,RUNNING
SPS_A1,2017-07-23 20:04:34,0,STOPPED
SPS_A1,2017-07-26 08:34:57,1,RUNNING
SPS_A1,2017-07-26 08:39:03,0,STOPPED
SPS_A1,2017-07-26 14:53:58,1,RUNNING
SPS_A1,2017-07-26 14:57:55,0,STOPPED
SPS_A1,2017-07-26 15:13:29,1,RUNNING
SPS_A1,2017-07-26 15:17:57,0,STOPPED
SPS_A1,2017-07-26 15:32:20,1,RUNNING
SPS_A1,2017-07-26 15:34:34,0,STOPPED
SPS_A1,2017-07-27 14:47:47,1,RUNNING
SPS_A1,2017-07-27 14:52:00,0,STOPPED
SPS_A1,2017-07-30 00:58:55,1,RUNNING
SPS_A1,2017-07-30 01:02:53,0,STOPPED
SPS_A1,2017-07-30 01:22:07,1,RUNNING
SPS_A1,2017-07-30 01:26:05,0,STOPPED
SPS_A1,2017-07-30 01:42:01,1,RUNNING
SPS_A1,2017-07-30 01:46:37,0,STOPPED
SPS_A1,2017-07-30 02:01:39,1,RUNNING
SPS_A1,2017-07-30 02:06:25,0,STOPPED
SPS_A1,2017-07-30 10:37:48,1,RUNNING
SPS_A1,2017-07-30 10:42:09,0,STOPPED
SPS_A1,2017-07-30 11:03:38,1,RUNNING
SPS_A1,2017-07-30 11:07:36,0,STOPPED
SPS_A1,2017-07-30 11:27:14,1,RUNNING
SPS_A1,2017-07-30 11:30:01,0,STOPPED
SPS_A1,2017-08-02 13:41:33,1,RUNNING
SPS_A1,2017-08-02 13:45:23,0,STOPPED
SPS_A1,2017-08-02 14:02:38,1,RUNNING
SPS_A1,2017-08-02 14:06:43,0,STOPPED
SPS_A1,2017-08-02 14:24:23,1,RUNNING
SPS_A1,2017-08-02 14:28:21,0,STOPPED
SPS_A1,2017-08-02 14:47:35,1,RUNNING
SPS_A1,2017-08-02 14:51:32,0,STOPPED
SPS_A1,2017-08-02 15:35:50,1,RUNNING
SPS_A1,2017-08-02 15:39:55,0,STOPPED
SPS_A1,2017-08-02 15:58:08,1,RUNNING
SPS_A1,2017-08-02 16:02:05,0,STOPPED
SPS_A1,2017-08-02 16:19:14,1,RUNNING
SPS_A1,2017-08-02 16:23:27,0,STOPPED
SPS_A1,2017-08-02 16:41:06,1,RUNNING
SPS_A1,2017-08-02 16:45:04,0,STOPPED
SPS_A1,2017-08-02 17:02:13,1,RUNNING
SPS_A1,2017-08-02 17:04:35,0,STOPPED
SPS_A1,2017-08-18 10:30:10,1,RUNNING
SPS_A1,2017-08-18 10:34:46,0,STOPPED
SPS_A1,2017-08-18 10:49:56,1,RUNNING
SPS_A1,2017-08-18 10:54:34,0,STOPPED
SPS_A1,2017-08-18 11:08:41,1,RUNNING
SPS_A1,2017-08-18 11:11:42,0,STOPPED
SPS_A1,2017-09-08 11:52:09,1,RUNNING
SPS_A1,2017-09-08 11:56:06,0,STOPPED
SPS_A1,2017-09-08 12:12:28,1,RUNNING
SPS_A1,2017-09-08 12:16:56,0,STOPPED
SPS_A1,2017-09-08 12:32:22,1,RUNNING
SPS_A1,2017-09-08 12:36:58,0,STOPPED
SPS_A1,2017-09-08 12:52:24,1,RUNNING
SPS_A1,2017-09-08 12:57:09,0,STOPPED
SPS_A1,2017-09-08 13:11:31,1,RUNNING
SPS_A1,2017-09-08 13:16:16,0,STOPPED
SPS_A1,2017-09-08 13:30:46,1,RUNNING
SPS_A1,2017-09-08 13:33:55,0,STOPPED
SPS_A1,2017-09-09 16:50:06,1,RUNNING
SPS_A1,2017-09-09 16:52:28,0,STOPPED
SPS_A1,2017-09-11 11:54:08,1,RUNNING
SPS_A1,2017-09-11 11:57:26,0,STOPPED
SPS_A1,2017-09-11 12:11:26,1,RUNNING
SPS_A1,2017-09-11 12:14:59,0,STOPPED
SPS_A1,2017-09-11 12:28:43,1,RUNNING
SPS_A1,2017-09-11 12:32:25,0,STOPPED
SPS_A1,2017-09-11 12:45:27,1,RUNNING
SPS_A1,2017-09-11 12:49:09,0,STOPPED
SPS_A1,2017-09-11 13:02:55,1,RUNNING
SPS_A1,2017-09-11 13:06:37,0,STOPPED
SPS_A1,2017-09-11 13:20:04,1,RUNNING
SPS_A1,2017-09-11 13:24:02,0,STOPPED
SPS_A1,2017-09-11 13:36:58,1,RUNNING
SPS_A1,2017-09-11 13:40:55,0,STOPPED
SPS_A1,2017-09-11 13:54:23,1,RUNNING
SPS_A1,2017-09-11 13:58:29,0,STOPPED
SPS_A1,2017-09-11 14:11:47,1,RUNNING
SPS_A1,2017-09-11 14:15:52,0,STOPPED
SPS_A1,2017-09-11 14:28:40,1,RUNNING
SPS_A1,2017-09-11 14:33:02,0,STOPPED
SPS_A1,2017-09-11 14:45:57,1,RUNNING
SPS_A1,2017-09-11 14:50:03,0,STOPPED
SPS_A1,2017-09-11 15:03:23,1,RUNNING
SPS_A1,2017-09-11 15:07:28,0,STOPPED
SPS_A1,2017-09-11 15:20:31,1,RUNNING
SPS_A1,2017-09-11 15:24:29,0,STOPPED
SPS_A1,2017-09-11 15:37:24,1,RUNNING
SPS_A1,2017-09-11 15:41:38,0,STOPPED
SPS_A1,2017-09-11 15:55:05,1,RUNNING
SPS_A1,2017-09-11 15:59:17,0,STOPPED
SPS_A1,2017-09-11 16:12:36,1,RUNNING
SPS_A1,2017-09-11 16:16:49,0,STOPPED
SPS_A1,2017-09-11 16:29:37,1,RUNNING
SPS_A1,2017-09-11 16:33:50,0,STOPPED
SPS_A1,2017-09-11 16:47:11,1,RUNNING
SPS_A1,2017-09-11 16:51:39,0,STOPPED
SPS_A1,2017-09-11 17:04:42,1,RUNNING
SPS_A1,2017-09-11 17:08:55,0,STOPPED
SPS_A1,2017-09-11 17:22:38,1,RUNNING
SPS_A1,2017-09-11 17:26:51,0,STOPPED
SPS_A1,2017-09-11 17:40:42,1,RUNNING
SPS_A1,2017-09-11 17:44:55,0,STOPPED
SPS_A1,2017-09-11 17:59:10,1,RUNNING
SPS_A1,2017-09-11 18:03:23,0,STOPPED
SPS_A1,2017-09-11 18:17:30,1,RUNNING
SPS_A1,2017-09-11 18:21:59,0,STOPPED
SPS_A1,2017-09-11 18:36:07,1,RUNNING
SPS_A1,2017-09-11 18:40:21,0,STOPPED
SPS_A1,2017-09-11 18:54:36,1,RUNNING
SPS_A1,2017-09-11 18:58:57,0,STOPPED
SPS_A1,2017-09-11 19:12:56,1,RUNNING
SPS_A1,2017-09-11 19:17:33,0,STOPPED
SPS_A1,2017-09-11 19:30:52,1,RUNNING
SPS_A1,2017-09-11 19:35:22,0,STOPPED
SPS_A1,2017-09-11 19:48:25,1,RUNNING
SPS_A1,2017-09-11 19:52:54,0,STOPPED
SPS_A1,2017-09-11 20:06:06,1,RUNNING
SPS_A1,2017-09-11 20:08:44,0,STOPPED
SPS_A1,2017-09-12 23:20:20,1,RUNNING
SPS_A1,2017-09-12 23:24:41,0,STOPPED
SPS_A1,2017-09-12 23:39:20,1,RUNNING
SPS_A1,2017-09-12 23:43:56,0,STOPPED
SPS_A1,2017-09-13 23:09:39,1,RUNNING
SPS_A1,2017-09-13 23:13:36,0,STOPPED
SPS_A1,2017-09-14 00:17:56,1,RUNNING
SPS_A1,2017-09-14 00:22:10,0,STOPPED
SPS_A1,2017-09-14 01:03:53,1,RUNNING
SPS_A1,2017-09-14 01:08:15,0,STOPPED
SPS_A1,2017-09-14 01:24:15,1,RUNNING
SPS_A1,2017-09-14 01:28:44,0,STOPPED
SPS_A1,2017-09-14 01:43:48,1,RUNNING
SPS_A1,2017-09-14 01:48:33,0,STOPPED
SPS_A1,2017-09-16 19:59:16,1,RUNNING
SPS_A1,2017-09-16 20:02:33,0,STOPPED
SPS_A1,2017-09-16 20:42:14,1,RUNNING
SPS_A1,2017-09-16 20:45:39,0,STOPPED
SPS_A1,2017-09-16 21:00:41,1,RUNNING
SPS_A1,2017-09-16 21:04:30,0,STOPPED
SPS_A1,2017-09-16 21:18:22,1,RUNNING
SPS_A1,2017-09-16 21:22:12,0,STOPPED
SPS_A1,2017-09-16 21:36:02,1,RUNNING
SPS_A1,2017-09-16 21:39:59,0,STOPPED
SPS_A1,2017-09-16 21:52:38,1,RUNNING
SPS_A1,2017-09-16 21:56:28,0,STOPPED
SPS_A1,2017-09-16 22:10:26,1,RUNNING
SPS_A1,2017-09-16 22:14:39,0,STOPPED
SPS_A1,2017-09-16 22:29:09,1,RUNNING
SPS_A1,2017-09-16 22:33:22,0,STOPPED
SPS_A1,2017-09-16 22:46:24,1,RUNNING
SPS_A1,2017-09-16 22:50:52,0,STOPPED
SPS_A1,2017-09-16 23:03:32,1,RUNNING
SPS_A1,2017-09-16 23:08:17,0,STOPPED
SPS_A1,2017-09-16 23:20:49,1,RUNNING
SPS_A1,2017-09-16 23:25:10,0,STOPPED
SPS_A1,2017-09-16 23:37:11,1,RUNNING
SPS_A1,2017-09-16 23:41:40,0,STOPPED
SPS_A1,2017-09-16 23:54:05,1,RUNNING
SPS_A1,2017-09-16 23:58:49,0,STOPPED
SPS_A1,2017-09-17 00:10:34,1,RUNNING
SPS_A1,2017-09-17 00:15:27,0,STOPPED
SPS_A1,2017-09-17 00:26:24,1,RUNNING
SPS_A1,2017-09-17 00:31:25,0,STOPPED
SPS_A1,2017-09-17 00:43:25,1,RUNNING
SPS_A1,2017-09-17 00:48:41,0,STOPPED
SPS_A1,2017-09-17 01:01:05,1,RUNNING
SPS_A1,2017-09-17 01:06:53,0,STOPPED
SPS_A1,2017-09-21 12:24:50,1,RUNNING
SPS_A1,2017-09-21 12:29:04,0,STOPPED
SPS_A1,2017-09-21 12:47:01,1,RUNNING
SPS_A1,2017-09-21 12:51:30,0,STOPPED
SPS_A1,2017-09-21 13:06:55,1,RUNNING
SPS_A1,2017-09-21 13:11:40,0,STOPPED
SPS_A1,2017-09-29 08:09:59,1,RUNNING
SPS_A1,2017-09-29 08:13:57,0,STOPPED
SPS_A1,2017-09-29 08:43:53,1,RUNNING
SPS_A1,2017-09-29 08:48:06,0,STOPPED
SPS_A1,2017-09-29 09:03:55,1,RUNNING
SPS_A1,2017-09-29 09:08:32,0,STOPPED
SPS_A1,2017-09-29 09:23:57,1,RUNNING
SPS_A1,2017-09-29 09:25:48,0,STOPPED
SPS_A1,2017-10-19 12:09:53,1,RUNNING
SPS_A1,2017-10-19 12:14:14,0,STOPPED
SPS_A1,2017-10-19 12:30:34,1,RUNNING
SPS_A1,2017-10-19 12:35:03,0,STOPPED
SPS_A1,2017-10-19 13:59:02,1,RUNNING
SPS_A1,2017-10-19 14:03:23,0,STOPPED
SPS_A1,2017-10-19 14:19:59,1,RUNNING
SPS_A1,2017-10-19 14:25:00,0,STOPPED
SPS_A1,2017-10-19 14:41:05,1,RUNNING
SPS_A1,2017-10-19 14:45:49,0,STOPPED
SPS_A1,2017-10-19 15:02:10,1,RUNNING
SPS_A1,2017-10-19 15:07:02,0,STOPPED
SPS_A1,2017-10-19 15:22:44,1,RUNNING
SPS_A1,2017-10-19 15:26:56,0,STOPPED
SPS_A1,2017-10-19 21:39:16,1,RUNNING
SPS_A1,2017-10-19 21:43:44,0,STOPPED
SPS_A1,2017-10-20 03:23:43,1,RUNNING
SPS_A1,2017-10-20 03:28:20,0,STOPPED
SPS_A1,2017-10-20 23:44:10,1,RUNNING
SPS_A1,2017-10-20 23:48:16,0,STOPPED
SPS_A1,2017-10-21 00:04:13,1,RUNNING
SPS_A1,2017-10-21 00:09:14,0,STOPPED
SPS_A1,2017-10-21 19:14:57,1,RUNNING
SPS_A1,2017-10-21 19:19:18,0,STOPPED
SPS_A1,2017-10-21 19:42:54,1,RUNNING
SPS_A1,2017-10-21 19:47:23,0,STOPPED
SPS_A1,2017-10-21 20:05:19,1,RUNNING
SPS_A1,2017-10-21 20:09:40,0,STOPPED
SPS_A1,2017-10-21 20:25:52,1,RUNNING
SPS_A1,2017-10-21 20:30:37,0,STOPPED
SPS_A1,2017-11-04 10:55:41,1,RUNNING
SPS_A1,2017-11-04 10:58:51,0,STOPPED
SPS_A1,2017-11-04 11:20:05,1,RUNNING
SPS_A1,2017-11-04 11:23:14,0,STOPPED
SPS_A1,2017-11-04 11:48:41,1,RUNNING
SPS_A1,2017-11-04 11:51:51,0,STOPPED
SPS_A1,2017-11-04 12:11:52,1,RUNNING
SPS_A1,2017-11-04 12:15:02,0,STOPPED
SPS_A1,2017-11-04 12:32:02,1,RUNNING
SPS_A1,2017-11-04 12:35:27,0,STOPPED
SPS_A1,2017-11-04 12:51:08,1,RUNNING
SPS_A1,2017-11-04 12:54:49,0,STOPPED
SPS_A1,2017-11-04 13:10:15,1,RUNNING
SPS_A1,2017-11-04 13:13:56,0,STOPPED
SPS_A1,2017-11-04 13:28:57,1,RUNNING
SPS_A1,2017-11-04 13:32:46,0,STOPPED
SPS_A1,2017-11-04 13:48:03,1,RUNNING
SPS_A1,2017-11-04 13:51:53,0,STOPPED
SPS_A1,2017-11-04 14:06:23,1,RUNNING
SPS_A1,2017-11-04 14:10:36,0,STOPPED
SPS_A1,2017-11-04 14:24:57,1,RUNNING
SPS_A1,2017-11-04 14:29:10,0,STOPPED
SPS_A1,2017-11-04 14:43:40,1,RUNNING
SPS_A1,2017-11-04 14:47:45,0,STOPPED
SPS_A1,2017-11-04 15:02:07,1,RUNNING
SPS_A1,2017-11-04 15:06:20,0,STOPPED
SPS_A1,2017-11-04 15:20:42,1,RUNNING
SPS_A1,2017-11-04 15:24:54,0,STOPPED
SPS_A1,2017-11-04 15:39:25,1,RUNNING
SPS_A1,2017-11-04 15:43:38,0,STOPPED
SPS_A1,2017-11-04 15:58:07,1,RUNNING
SPS_A1,2017-11-04 16:02:20,0,STOPPED
SPS_A1,2017-11-04 16:16:42,1,RUNNING
SPS_A1,2017-11-04 16:21:11,0,STOPPED
SPS_A1,2017-11-04 16:36:59,1,RUNNING
SPS_A1,2017-11-04 16:41:13,0,STOPPED
SPS_A1,2017-11-04 16:55:50,1,RUNNING
SPS_A1,2017-11-04 17:00:26,0,STOPPED
SPS_A1,2017-11-04 17:15:27,1,RUNNING
SPS_A1,2017-11-04 17:20:04,0,STOPPED
SPS_A1,2017-11-04 17:35:12,1,RUNNING
SPS_A1,2017-11-04 17:39:33,0,STOPPED
SPS_A1,2017-11-04 17:54:26,1,RUNNING
SPS_A1,2017-11-04 17:58:47,0,STOPPED
SPS_A1,2017-11-04 18:13:47,1,RUNNING
SPS_A1,2017-11-04 18:18:09,0,STOPPED
SPS_A1,2017-11-04 18:32:38,1,RUNNING
SPS_A1,2017-11-04 18:36:59,0,STOPPED
SPS_A1,2017-11-04 18:51:52,1,RUNNING
SPS_A1,2017-11-04 18:56:22,0,STOPPED
SPS_A1,2017-11-04 19:10:44,1,RUNNING
SPS_A1,2017-11-04 19:15:21,0,STOPPED
SPS_A1,2017-11-04 19:29:11,1,RUNNING
SPS_A1,2017-11-04 19:34:11,0,STOPPED
SPS_A1,2017-11-04 19:48:01,1,RUNNING
SPS_A1,2017-11-04 19:52:21,0,STOPPED
SPS_A1,2017-11-07 22:46:42,1,RUNNING
SPS_A1,2017-11-07 22:50:39,0,STOPPED
SPS_A1,2017-11-07 23:10:34,1,RUNNING
SPS_A1,2017-11-07 23:15:03,0,STOPPED
SPS_A1,2017-11-07 23:32:35,1,RUNNING
SPS_A1,2017-11-07 23:37:05,0,STOPPED
SPS_A1,2017-11-07 23:54:06,1,RUNNING
SPS_A1,2017-11-07 23:58:42,0,STOPPED
SPS_A1,2017-11-08 00:14:23,1,RUNNING
SPS_A1,2017-11-08 00:19:00,0,STOPPED
SPS_A1,2017-11-08 00:34:56,1,RUNNING
SPS_A1,2017-11-08 00:39:42,0,STOPPED
SPS_A1,2017-11-08 00:55:31,1,RUNNING
SPS_A1,2017-11-08 01:00:23,0,STOPPED
SPS_A1,2017-11-08 01:15:41,1,RUNNING
SPS_A1,2017-11-08 01:20:34,0,STOPPED
SPS_A1,2017-11-08 01:36:14,1,RUNNING
SPS_A1,2017-11-08 01:41:15,0,STOPPED
SPS_A1,2017-11-08 01:56:47,1,RUNNING
SPS_A1,2017-11-08 02:02:03,0,STOPPED
SPS_A1,2017-11-08 02:17:20,1,RUNNING
SPS_A1,2017-11-08 02:23:01,0,STOPPED
SPS_A1,2017-11-08 02:38:18,1,RUNNING
SPS_A1,2017-11-08 02:43:57,0,STOPPED
SPS_A1,2017-11-08 02:58:57,1,RUNNING
SPS_A1,2017-11-08 03:04:53,0,STOPPED
SPS_A1,2017-11-08 03:20:41,1,RUNNING
SPS_A1,2017-11-08 03:26:45,0,STOPPED
SPS_A1,2017-11-11 04:11:49,1,RUNNING
SPS_A1,2017-11-11 04:14:19,0,STOPPED
SPS_A1,2017-11-20 17:19:11,1,RUNNING
SPS_A1,2017-11-20 17:21:33,0,STOPPED
SPS_A1,2017-11-22 23:36:24,1,RUNNING
SPS_A1,2017-11-22 23:40:21,0,STOPPED
SPS_A1,2017-11-23 01:00:40,1,RUNNING
SPS_A1,2017-11-23 01:04:46,0,STOPPED
SPS_A1,2017-11-23 01:21:22,1,RUNNING
SPS_A1,2017-11-23 01:26:07,0,STOPPED
SPS_A1,2017-11-27 09:12:38,1,RUNNING
SPS_A1,2017-11-27 09:17:14,0,STOPPED
SPS_A1,2017-11-27 09:40:25,1,RUNNING
SPS_A1,2017-11-27 09:44:54,0,STOPPED
SPS_A1,2017-11-27 10:06:23,1,RUNNING
SPS_A1,2017-11-27 10:10:28,0,STOPPED
SPS_A1,2017-12-11 00:19:35,1,RUNNING
SPS_A1,2017-12-11 00:22:45,0,STOPPED
SPS_A1,2017-12-11 00:40:19,1,RUNNING
SPS_A1,2017-12-11 00:44:01,0,STOPPED
SPS_A1,2017-12-11 00:59:42,1,RUNNING
SPS_A1,2017-12-11 01:03:24,0,STOPPED
SPS_A1,2017-12-11 01:18:57,1,RUNNING
SPS_A1,2017-12-11 01:22:54,0,STOPPED
SPS_A1,2017-12-11 01:38:35,1,RUNNING
SPS_A1,2017-12-11 01:42:25,0,STOPPED
SPS_A1,2017-12-11 01:57:26,1,RUNNING
SPS_A1,2017-12-11 02:01:39,0,STOPPED
SPS_A1,2017-12-11 02:16:09,1,RUNNING
SPS_A1,2017-12-11 02:20:22,0,STOPPED
SPS_A1,2017-12-11 02:34:59,1,RUNNING
SPS_A1,2017-12-11 02:39:29,0,STOPPED
SPS_A1,2017-12-11 02:54:29,1,RUNNING
SPS_A1,2017-12-11 02:58:43,0,STOPPED
SPS_A1,2017-12-11 03:13:52,1,RUNNING
SPS_A1,2017-12-11 03:18:06,0,STOPPED
SPS_A1,2017-12-11 03:34:18,1,RUNNING
SPS_A1,2017-12-11 03:38:46,0,STOPPED
SPS_A1,2017-12-11 03:53:32,1,RUNNING
SPS_A1,2017-12-11 03:58:01,0,STOPPED
SPS_A1,2017-12-11 04:12:39,1,RUNNING
SPS_A1,2017-12-11 04:17:16,0,STOPPED
SPS_A1,2017-12-11 04:31:45,1,RUNNING
SPS_A1,2017-12-11 04:36:15,0,STOPPED
SPS_A1,2017-12-11 04:50:45,1,RUNNING
SPS_A1,2017-12-11 04:55:06,0,STOPPED
SPS_A1,2017-12-11 05:09:43,1,RUNNING
SPS_A1,2017-12-11 05:14:12,0,STOPPED
SPS_A1,2017-12-11 05:28:26,1,RUNNING
SPS_A1,2017-12-11 05:33:10,0,STOPPED
SPS_A1,2017-12-11 05:47:39,1,RUNNING
SPS_A1,2017-12-11 05:52:24,0,STOPPED
SPS_A1,2017-12-11 06:07:18,1,RUNNING
SPS_A1,2017-12-11 06:11:55,0,STOPPED
SPS_A1,2017-12-11 06:28:15,1,RUNNING
SPS_A1,2017-12-11 06:32:28,0,STOPPED
SPS_A1,2017-12-11 06:49:36,1,RUNNING
SPS_A1,2017-12-11 06:54:05,0,STOPPED
SPS_A1,2017-12-11 07:12:16,1,RUNNING
SPS_A1,2017-12-11 07:16:05,0,STOPPED
SPS_A1,2017-12-11 07:37:02,1,RUNNING
SPS_A1,2017-12-11 07:40:58,0,STOPPED
SPS_A1,2017-12-11 08:01:40,1,RUNNING
SPS_A1,2017-12-11 08:05:37,0,STOPPED
SPS_A1,2017-12-11 08:30:17,1,RUNNING
SPS_A1,2017-12-11 08:34:07,0,STOPPED
SPS_A1,2017-12-11 08:54:34,1,RUNNING
SPS_A1,2017-12-11 08:58:31,0,STOPPED
SPS_A1,2017-12-11 09:24:37,1,RUNNING
SPS_A1,2017-12-11 09:28:58,0,STOPPED
SPS_A1,2017-12-11 09:47:32,1,RUNNING
SPS_A1,2017-12-11 09:51:45,0,STOPPED
SPS_A1,2017-12-11 10:10:12,1,RUNNING
SPS_A1,2017-12-11 10:13:14,0,STOPPED
SPS_A1,2017-12-13 16:11:21,1,RUNNING
SPS_A1,2017-12-13 16:15:18,0,STOPPED
SPS_A1,2017-12-13 16:50:43,1,RUNNING
SPS_A1,2017-12-13 16:54:40,0,STOPPED
SPS_A1,2017-12-13 17:28:40,1,RUNNING
SPS_A1,2017-12-13 17:32:37,0,STOPPED
SPS_A1,2017-12-13 17:52:38,1,RUNNING
SPS_A1,2017-12-13 17:56:51,0,STOPPED
SPS_A1,2017-12-13 23:32:27,1,RUNNING
SPS_A1,2017-12-13 23:36:41,0,STOPPED
SPS_A1,2017-12-13 23:55:16,1,RUNNING
SPS_A1,2017-12-13 23:59:29,0,STOPPED
SPS_A1,2017-12-14 00:17:00,1,RUNNING
SPS_A1,2017-12-14 00:21:29,0,STOPPED
SPS_A1,2017-12-14 00:38:29,1,RUNNING
SPS_A1,2017-12-14 00:42:58,0,STOPPED
SPS_A1,2017-12-14 00:58:47,1,RUNNING
SPS_A1,2017-12-14 01:03:17,0,STOPPED
SPS_A1,2017-12-14 01:19:28,1,RUNNING
SPS_A1,2017-12-14 01:24:05,0,STOPPED
SPS_A1,2017-12-14 01:40:24,1,RUNNING
SPS_A1,2017-12-14 01:45:17,0,STOPPED
SPS_A1,2017-12-14 19:40:19,1,RUNNING
SPS_A1,2017-12-14 19:44:31,0,STOPPED
SPS_A1,2017-12-14 20:10:36,1,RUNNING
SPS_A1,2017-12-14 20:14:33,0,STOPPED
SPS_A1,2017-12-26 14:55:03,1,RUNNING
SPS_A1,2017-12-26 14:58:36,0,STOPPED
SPS_A1,2017-12-28 01:40:58,1,RUNNING
SPS_A1,2017-12-28 01:44:24,0,STOPPED
SPS_A1,2017-12-28 02:45:30,1,RUNNING
SPS_A1,2017-12-28 02:48:55,0,STOPPED
SPS_A1,2017-12-28 03:26:27,1,RUNNING
SPS_A1,2017-12-28 03:30:00,0,STOPPED
SPS_A1,2017-12-28 03:49:05,1,RUNNING
SPS_A1,2017-12-28 03:52:46,0,STOPPED
SPS_A1,2017-12-28 04:10:56,1,RUNNING
SPS_A1,2017-12-28 04:14:38,0,STOPPED
SPS_A1,2017-12-28 04:32:17,1,RUNNING
SPS_A1,2017-12-28 04:35:57,0,STOPPED
SPS_A1,2017-12-28 04:52:34,1,RUNNING
SPS_A1,2017-12-28 04:56:15,0,STOPPED
SPS_A1,2017-12-28 05:12:26,1,RUNNING
SPS_A1,2017-12-28 05:16:32,0,STOPPED
SPS_A1,2017-12-28 05:32:27,1,RUNNING
SPS_A1,2017-12-28 05:36:24,0,STOPPED
SPS_A1,2017-12-28 05:51:57,1,RUNNING
SPS_A1,2017-12-28 05:55:54,0,STOPPED
SPS_A1,2017-12-28 06:12:23,1,RUNNING
SPS_A1,2017-12-28 06:16:12,0,STOPPED
SPS_A1,2017-12-28 06:32:24,1,RUNNING
SPS_A1,2017-12-28 06:36:13,0,STOPPED
SPS_A1,2017-12-28 06:52:09,1,RUNNING
SPS_A1,2017-12-28 06:55:58,0,STOPPED
SPS_A1,2017-12-28 07:13:13,1,RUNNING
SPS_A1,2017-12-28 07:17:02,0,STOPPED
SPS_A1,2017-12-28 07:33:53,1,RUNNING
SPS_A1,2017-12-28 07:37:58,0,STOPPED
SPS_A1,2017-12-28 07:58:31,1,RUNNING
SPS_A1,2017-12-28 08:02:05,0,STOPPED
SPS_A1,2017-12-28 08:39:53,1,RUNNING
SPS_A1,2017-12-28 08:43:27,0,STOPPED
SPS_A1,2017-12-28 13:46:32,1,RUNNING
SPS_A1,2017-12-28 13:50:07,0,STOPPED
SPS_A1,2017-12-28 14:29:29,1,RUNNING
SPS_A1,2017-12-28 14:33:18,0,STOPPED
SPS_A1,2017-12-28 14:55:25,1,RUNNING
SPS_A1,2017-12-28 14:59:14,0,STOPPED
SPS_A1,2017-12-28 15:17:17,1,RUNNING
SPS_A1,2017-12-28 15:21:14,0,STOPPED
SPS_A1,2017-12-28 15:40:20,1,RUNNING
SPS_A1,2017-12-28 15:44:17,0,STOPPED
SPS_A1,2017-12-28 16:06:32,1,RUNNING
SPS_A1,2017-12-28 16:10:21,0,STOPPED
SPS_A1,2017-12-28 16:29:27,1,RUNNING
SPS_A1,2017-12-28 16:33:17,0,STOPPED
SPS_A1,2017-12-28 16:51:42,1,RUNNING
SPS_A1,2017-12-28 16:55:40,0,STOPPED
SPS_A1,2017-12-28 17:15:09,1,RUNNING
SPS_A1,2017-12-28 17:18:58,0,STOPPED
SPS_A1,2017-12-28 17:39:00,1,RUNNING
SPS_A1,2017-12-28 17:42:57,0,STOPPED
SPS_A1,2017-12-28 18:02:34,1,RUNNING
SPS_A1,2017-12-28 18:06:23,0,STOPPED
SPS_A1,2017-12-28 18:42:59,1,RUNNING
SPS_A1,2017-12-28 18:46:56,0,STOPPED
SPS_A1,2017-12-28 19:22:06,1,RUNNING
SPS_A1,2017-12-28 19:26:11,0,STOPPED
SPS_A1,2017-12-28 19:49:13,1,RUNNING
SPS_A1,2017-12-28 19:53:25,0,STOPPED
SPS_A1,2017-12-28 20:12:15,1,RUNNING
SPS_A1,2017-12-28 20:16:28,0,STOPPED
SPS_A1,2017-12-28 20:35:26,1,RUNNING
SPS_A1,2017-12-28 20:39:39,0,STOPPED
SPS_A1,2017-12-28 20:59:40,1,RUNNING
SPS_A1,2017-12-28 21:03:45,0,STOPPED
SPS_A1,2017-12-31 08:03:21,1,RUNNING
SPS_A1,2017-12-31 08:07:26,0,STOPPED
SPS_A1,2017-12-31 08:27:27,1,RUNNING
SPS_A1,2017-12-31 08:31:24,0,STOPPED
SPS_A1,2017-12-31 09:08:18,1,RUNNING
SPS_A1,2017-12-31 09:12:31,0,STOPPED
SPS_A1,2017-12-31 13:58:08,1,RUNNING
SPS_A1,2017-12-31 14:01:25,0,STOPPED
SPS_A1,2018-01-01 14:54:30,1,RUNNING
SPS_A1,2018-01-01 14:58:27,0,STOPPED
SPS_A1,2018-01-01 15:38:54,1,RUNNING
SPS_A1,2018-01-01 15:43:08,0,STOPPED
SPS_A1,2018-01-01 16:03:10,1,RUNNING
SPS_A1,2018-01-01 16:07:22,0,STOPPED
SPS_A1,2018-01-01 16:28:51,1,RUNNING
SPS_A1,2018-01-01 16:31:53,0,STOPPED
SPS_A1,2018-01-02 13:54:34,1,RUNNING
SPS_A1,2018-01-02 13:58:31,0,STOPPED
SPS_A1,2018-01-02 14:25:24,1,RUNNING
SPS_A1,2018-01-02 14:29:37,0,STOPPED
SPS_A1,2018-01-03 03:44:28,1,RUNNING
SPS_A1,2018-01-03 03:47:45,0,STOPPED
SPS_A1,2018-01-03 04:25:02,1,RUNNING
SPS_A1,2018-01-03 04:28:11,0,STOPPED
SPS_A1,2018-01-03 04:47:34,1,RUNNING
SPS_A1,2018-01-03 04:50:59,0,STOPPED
SPS_A1,2018-01-03 05:16:17,1,RUNNING
SPS_A1,2018-01-03 05:19:42,0,STOPPED
SPS_A1,2018-01-03 05:43:41,1,RUNNING
SPS_A1,2018-01-03 05:47:07,0,STOPPED
SPS_A1,2018-01-03 06:08:20,1,RUNNING
SPS_A1,2018-01-03 06:11:45,0,STOPPED
SPS_A1,2018-01-03 06:34:25,1,RUNNING
SPS_A1,2018-01-03 06:37:42,0,STOPPED
SPS_A1,2018-01-03 11:34:45,1,RUNNING
SPS_A1,2018-01-03 11:38:26,0,STOPPED
SPS_A1,2018-01-03 12:24:01,1,RUNNING
SPS_A1,2018-01-03 12:27:26,0,STOPPED
SPS_A1,2018-01-03 13:23:57,1,RUNNING
SPS_A1,2018-01-03 13:27:46,0,STOPPED
SPS_A1,2018-01-03 13:57:41,1,RUNNING
SPS_A1,2018-01-03 14:01:15,0,STOPPED
SPS_A1,2018-01-03 14:22:27,1,RUNNING
SPS_A1,2018-01-03 14:26:24,0,STOPPED
SPS_A1,2018-01-03 14:46:48,1,RUNNING
SPS_A1,2018-01-03 14:50:30,0,STOPPED
SPS_A1,2018-01-03 15:10:32,1,RUNNING
SPS_A1,2018-01-03 15:14:14,0,STOPPED
SPS_A1,2018-01-03 15:32:00,1,RUNNING
SPS_A1,2018-01-03 15:35:41,0,STOPPED
SPS_A1,2018-01-03 15:56:14,1,RUNNING
SPS_A1,2018-01-03 15:59:55,0,STOPPED
SPS_A1,2018-01-03 16:18:30,1,RUNNING
SPS_A1,2018-01-03 16:22:12,0,STOPPED
SPS_A1,2018-01-03 16:53:25,1,RUNNING
SPS_A1,2018-01-03 16:57:15,0,STOPPED
SPS_A1,2018-01-03 17:18:19,1,RUNNING
SPS_A1,2018-01-03 17:22:01,0,STOPPED
SPS_A1,2018-01-03 17:57:18,1,RUNNING
SPS_A1,2018-01-03 18:00:52,0,STOPPED
SPS_A1,2018-01-03 18:53:17,1,RUNNING
SPS_A1,2018-01-03 18:56:58,0,STOPPED
SPS_A1,2018-01-03 21:20:58,1,RUNNING
SPS_A1,2018-01-03 21:24:55,0,STOPPED
SPS_A1,2018-01-03 21:52:04,1,RUNNING
SPS_A1,2018-01-03 21:56:09,0,STOPPED
SPS_A1,2018-01-03 22:14:28,1,RUNNING
SPS_A1,2018-01-03 22:18:24,0,STOPPED
SPS_A1,2018-01-03 22:36:35,1,RUNNING
SPS_A1,2018-01-03 22:40:48,0,STOPPED
SPS_A1,2018-01-03 22:58:12,1,RUNNING
SPS_A1,2018-01-03 23:02:09,0,STOPPED
SPS_A1,2018-01-03 23:19:02,1,RUNNING
SPS_A1,2018-01-03 23:23:07,0,STOPPED
SPS_A1,2018-01-03 23:39:27,1,RUNNING
SPS_A1,2018-01-03 23:43:40,0,STOPPED
SPS_A1,2018-01-03 23:58:49,1,RUNNING
SPS_A1,2018-01-04 00:03:26,0,STOPPED
SPS_A1,2018-01-04 00:19:07,1,RUNNING
SPS_A1,2018-01-04 00:23:44,0,STOPPED
SPS_A1,2018-01-04 00:39:09,1,RUNNING
SPS_A1,2018-01-04 00:43:46,0,STOPPED
SPS_A1,2018-01-04 00:58:25,1,RUNNING
SPS_A1,2018-01-04 01:03:10,0,STOPPED
SPS_A1,2018-01-04 12:42:10,1,RUNNING
SPS_A1,2018-01-04 12:46:31,0,STOPPED
SPS_A1,2018-01-04 13:31:19,1,RUNNING
SPS_A1,2018-01-04 13:34:59,0,STOPPED
SPS_A1,2018-01-04 14:00:56,1,RUNNING
SPS_A1,2018-01-04 14:04:22,0,STOPPED
SPS_A1,2018-01-10 08:04:10,1,RUNNING
SPS_A1,2018-01-10 08:06:47,0,STOPPED
SPS_A1,2018-01-15 14:56:15,1,RUNNING
SPS_A1,2018-01-15 15:00:36,0,STOPPED
SPS_A1,2018-01-15 15:21:49,1,RUNNING
SPS_A1,2018-01-15 15:26:03,0,STOPPED
SPS_A1,2018-01-15 15:45:49,1,RUNNING
SPS_A1,2018-01-15 15:50:02,0,STOPPED
SPS_A1,2018-01-15 16:07:57,1,RUNNING
SPS_A1,2018-01-15 16:11:54,0,STOPPED
SPS_A1,2018-01-15 16:36:56,1,RUNNING
SPS_A1,2018-01-15 16:41:01,0,STOPPED
SPS_A1,2018-01-15 17:01:20,1,RUNNING
SPS_A1,2018-01-15 17:05:41,0,STOPPED
SPS_A1,2018-01-15 17:24:24,1,RUNNING
SPS_A1,2018-01-15 17:28:52,0,STOPPED
SPS_A1,2018-01-15 18:00:38,1,RUNNING
SPS_A1,2018-01-15 18:04:51,0,STOPPED
SPS_A1,2018-01-15 18:30:49,1,RUNNING
SPS_A1,2018-01-15 18:35:11,0,STOPPED
SPS_A1,2018-01-15 18:56:47,1,RUNNING
SPS_A1,2018-01-15 19:00:37,0,STOPPED
SPS_A1,2018-01-15 19:37:38,1,RUNNING
SPS_A1,2018-01-15 19:40:32,0,STOPPED
SPS_A1,2018-01-16 18:46:50,1,RUNNING
SPS_A1,2018-01-16 18:50:47,0,STOPPED
SPS_A1,2018-01-18 00:18:49,1,RUNNING
SPS_A1,2018-01-18 00:22:15,0,STOPPED
SPS_A1,2018-01-22 23:12:08,1,RUNNING
SPS_A1,2018-01-22 23:15:49,0,STOPPED
SPS_A1,2018-01-22 23:32:57,1,RUNNING
SPS_A1,2018-01-22 23:36:31,0,STOPPED
SPS_A1,2018-01-22 23:53:24,1,RUNNING
SPS_A1,2018-01-22 23:57:06,0,STOPPED
SPS_A1,2018-01-23 00:13:11,1,RUNNING
SPS_A1,2018-01-23 00:17:08,0,STOPPED
SPS_A1,2018-01-23 00:33:05,1,RUNNING
SPS_A1,2018-01-23 00:37:03,0,STOPPED
SPS_A1,2018-01-23 00:52:44,1,RUNNING
SPS_A1,2018-01-23 00:56:57,0,STOPPED
SPS_A1,2018-01-23 01:13:10,1,RUNNING
SPS_A1,2018-01-23 01:17:07,0,STOPPED
SPS_A1,2018-01-23 01:33:03,1,RUNNING
SPS_A1,2018-01-23 01:37:08,0,STOPPED
SPS_A1,2018-01-23 01:52:17,1,RUNNING
SPS_A1,2018-01-23 01:56:29,0,STOPPED
SPS_A1,2018-01-23 02:11:46,1,RUNNING
SPS_A1,2018-01-23 02:15:59,0,STOPPED
SPS_A1,2018-01-23 02:31:40,1,RUNNING
SPS_A1,2018-01-23 02:36:01,0,STOPPED
SPS_A1,2018-01-23 02:51:11,1,RUNNING
SPS_A1,2018-01-23 02:55:24,0,STOPPED
SPS_A1,2018-01-23 03:10:40,1,RUNNING
SPS_A1,2018-01-23 03:14:52,0,STOPPED
SPS_A1,2018-01-23 03:29:45,1,RUNNING
SPS_A1,2018-01-23 03:33:59,0,STOPPED
SPS_A1,2018-01-23 03:49:00,1,RUNNING
SPS_A1,2018-01-23 03:53:29,0,STOPPED
SPS_A1,2018-01-23 04:08:23,1,RUNNING
SPS_A1,2018-01-23 04:13:00,0,STOPPED
SPS_A1,2018-01-23 04:28:01,1,RUNNING
SPS_A1,2018-01-23 04:32:22,0,STOPPED
SPS_A1,2018-01-23 04:47:47,1,RUNNING
SPS_A1,2018-01-23 04:52:24,0,STOPPED
SPS_A1,2018-01-23 05:07:16,1,RUNNING
SPS_A1,2018-01-23 05:11:37,0,STOPPED
SPS_A1,2018-01-23 05:26:53,1,RUNNING
SPS_A1,2018-01-23 05:31:30,0,STOPPED
SPS_A1,2018-01-23 05:47:11,1,RUNNING
SPS_A1,2018-01-23 05:51:32,0,STOPPED
SPS_A1,2018-01-23 06:08:08,1,RUNNING
SPS_A1,2018-01-23 06:12:13,0,STOPPED
SPS_A1,2018-01-23 09:18:20,1,RUNNING
SPS_A1,2018-01-23 09:22:01,0,STOPPED
SPS_A1,2018-01-23 09:45:52,1,RUNNING
SPS_A1,2018-01-23 09:49:41,0,STOPPED
SPS_A1,2018-01-23 10:09:59,1,RUNNING
SPS_A1,2018-01-23 10:14:04,0,STOPPED
SPS_A1,2018-01-23 10:39:36,1,RUNNING
SPS_A1,2018-01-23 10:43:33,0,STOPPED
SPS_A1,2018-01-23 11:04:48,1,RUNNING
SPS_A1,2018-01-23 11:08:46,0,STOPPED
SPS_A1,2018-01-23 11:33:10,1,RUNNING
SPS_A1,2018-01-23 11:36:59,0,STOPPED
SPS_A1,2018-01-23 11:56:06,1,RUNNING
SPS_A1,2018-01-23 12:00:03,0,STOPPED
SPS_A1,2018-01-25 00:59:24,1,RUNNING
SPS_A1,2018-01-25 01:02:50,0,STOPPED
SPS_A1,2018-01-25 01:32:14,1,RUNNING
SPS_A1,2018-01-25 01:35:54,0,STOPPED
SPS_A1,2018-01-25 01:56:12,1,RUNNING
SPS_A1,2018-01-25 01:59:37,0,STOPPED
SPS_A1,2018-01-25 02:17:40,1,RUNNING
SPS_A1,2018-01-25 02:21:14,0,STOPPED
SPS_A1,2018-01-25 02:42:19,1,RUNNING
SPS_A1,2018-01-25 02:46:01,0,STOPPED
SPS_A1,2018-01-25 03:05:09,1,RUNNING
SPS_A1,2018-01-25 03:08:58,0,STOPPED
SPS_A1,2018-01-25 03:26:46,1,RUNNING
SPS_A1,2018-01-25 03:30:36,0,STOPPED
SPS_A1,2018-01-25 03:49:19,1,RUNNING
SPS_A1,2018-01-25 03:53:16,0,STOPPED
SPS_A1,2018-01-25 04:10:01,1,RUNNING
SPS_A1,2018-01-25 04:13:42,0,STOPPED
SPS_A1,2018-01-25 04:30:36,1,RUNNING
SPS_A1,2018-01-25 04:34:33,0,STOPPED
SPS_A1,2018-01-25 04:50:15,1,RUNNING
SPS_A1,2018-01-25 04:54:21,0,STOPPED
SPS_A1,2018-01-25 05:10:50,1,RUNNING
SPS_A1,2018-01-25 05:14:39,0,STOPPED
SPS_A1,2018-01-25 05:32:04,1,RUNNING
SPS_A1,2018-01-25 05:36:01,0,STOPPED
SPS_A1,2018-01-25 05:52:23,1,RUNNING
SPS_A1,2018-01-25 05:56:20,0,STOPPED
SPS_A1,2018-01-25 06:15:35,1,RUNNING
SPS_A1,2018-01-25 06:19:08,0,STOPPED
SPS_A1,2018-01-25 06:47:37,1,RUNNING
SPS_A1,2018-01-25 06:51:19,0,STOPPED
SPS_A1,2018-01-25 12:47:18,1,RUNNING
SPS_A1,2018-01-25 12:51:07,0,STOPPED
SPS_A1,2018-01-25 13:17:59,1,RUNNING
SPS_A1,2018-01-25 13:21:41,0,STOPPED
SPS_A1,2018-01-25 13:51:04,1,RUNNING
SPS_A1,2018-01-25 13:54:39,0,STOPPED
SPS_A1,2018-01-25 14:22:13,1,RUNNING
SPS_A1,2018-01-25 14:26:02,0,STOPPED
SPS_A1,2018-01-25 14:50:47,1,RUNNING
SPS_A1,2018-01-25 14:54:29,0,STOPPED
SPS_A1,2018-01-25 15:13:34,1,RUNNING
SPS_A1,2018-01-25 15:17:31,0,STOPPED
SPS_A1,2018-01-25 15:38:43,1,RUNNING
SPS_A1,2018-01-25 15:42:40,0,STOPPED
SPS_A1,2018-01-25 16:07:02,1,RUNNING
SPS_A1,2018-01-25 16:10:42,0,STOPPED
SPS_A1,2018-01-25 16:33:21,1,RUNNING
SPS_A1,2018-01-25 16:37:18,0,STOPPED
SPS_A1,2018-01-25 17:00:21,1,RUNNING
SPS_A1,2018-01-25 17:04:18,0,STOPPED
SPS_A1,2018-01-25 18:18:19,1,RUNNING
SPS_A1,2018-01-25 18:22:16,0,STOPPED
SPS_A1,2018-01-25 21:36:48,1,RUNNING
SPS_A1,2018-01-25 21:40:37,0,STOPPED
SPS_A1,2018-01-25 22:12:29,1,RUNNING
SPS_A1,2018-01-25 22:16:34,0,STOPPED
SPS_A1,2018-01-25 22:36:43,1,RUNNING
SPS_A1,2018-01-25 22:40:47,0,STOPPED
SPS_A1,2018-01-25 23:00:57,1,RUNNING
SPS_A1,2018-01-25 23:05:19,0,STOPPED
SPS_A1,2018-01-25 23:22:12,1,RUNNING
SPS_A1,2018-01-25 23:26:33,0,STOPPED
SPS_A1,2018-01-25 23:42:46,1,RUNNING
SPS_A1,2018-01-25 23:47:23,0,STOPPED
SPS_A1,2018-01-31 11:33:15,1,RUNNING
SPS_A1,2018-01-31 11:37:36,0,STOPPED
SPS_A1,2018-02-09 02:10:03,1,RUNNING
SPS_A1,2018-02-09 02:14:00,0,STOPPED
SPS_A1,2018-02-09 02:30:44,1,RUNNING
SPS_A1,2018-02-09 02:34:49,0,STOPPED
SPS_A1,2018-02-09 02:50:37,1,RUNNING
SPS_A1,2018-02-09 02:55:06,0,STOPPED
SPS_A1,2018-02-09 03:10:38,1,RUNNING
SPS_A1,2018-02-09 03:15:15,0,STOPPED
SPS_A1,2018-02-09 03:31:11,1,RUNNING
SPS_A1,2018-02-09 03:35:55,0,STOPPED
SPS_A1,2018-02-09 03:51:11,1,RUNNING
SPS_A1,2018-02-09 03:56:04,0,STOPPED
SPS_A1,2018-02-09 04:11:29,1,RUNNING
SPS_A1,2018-02-09 04:16:29,0,STOPPED
SPS_A1,2018-02-09 04:31:46,1,RUNNING
SPS_A1,2018-02-09 04:36:46,0,STOPPED
SPS_A1,2018-02-09 04:52:02,1,RUNNING
SPS_A1,2018-02-09 04:57:03,0,STOPPED
SPS_A1,2018-02-09 05:13:30,1,RUNNING
SPS_A1,2018-02-09 05:18:54,0,STOPPED
SPS_A1,2018-02-13 08:12:01,1,RUNNING
SPS_A1,2018-02-13 08:16:06,0,STOPPED
SPS_A1,2018-02-13 12:21:41,1,RUNNING
SPS_A1,2018-02-13 12:25:54,0,STOPPED
SPS_A1,2018-02-13 12:51:58,1,RUNNING
SPS_A1,2018-02-13 12:55:55,0,STOPPED
SPS_A1,2018-02-13 13:16:12,1,RUNNING
SPS_A1,2018-02-13 13:20:25,0,STOPPED
SPS_A1,2018-02-13 13:40:33,1,RUNNING
SPS_A1,2018-02-13 13:44:30,0,STOPPED
SPS_A1,2018-02-13 14:03:20,1,RUNNING
SPS_A1,2018-02-13 14:07:41,0,STOPPED
SPS_A1,2018-02-13 14:24:56,1,RUNNING
SPS_A1,2018-02-13 14:29:25,0,STOPPED
SPS_A1,2018-02-13 14:46:09,1,RUNNING
SPS_A1,2018-02-13 14:50:53,0,STOPPED
SPS_A1,2018-02-13 15:10:07,1,RUNNING
SPS_A1,2018-02-13 15:14:43,0,STOPPED
SPS_A1,2018-02-14 23:23:08,1,RUNNING
SPS_A1,2018-02-14 23:27:37,0,STOPPED
SPS_A1,2018-02-14 23:56:37,1,RUNNING
SPS_A1,2018-02-15 00:00:50,0,STOPPED
SPS_A1,2018-02-15 00:18:49,1,RUNNING
SPS_A1,2018-02-15 00:23:12,0,STOPPED
SPS_A1,2018-02-15 00:41:01,1,RUNNING
SPS_A1,2018-02-15 00:45:30,0,STOPPED
SPS_A1,2018-02-15 01:02:40,1,RUNNING
SPS_A1,2018-02-15 01:07:08,0,STOPPED
SPS_A1,2018-02-15 01:24:33,1,RUNNING
SPS_A1,2018-02-15 01:29:26,0,STOPPED
SPS_A1,2018-02-15 01:46:10,1,RUNNING
SPS_A1,2018-02-15 01:48:40,0,STOPPED
SPS_A1,2018-03-05 23:51:49,1,RUNNING
SPS_A1,2018-03-05 23:56:02,0,STOPPED
SPS_A1,2018-03-06 00:18:35,1,RUNNING
SPS_A1,2018-03-06 00:22:16,0,STOPPED
SPS_A1,2018-03-06 00:43:13,1,RUNNING
SPS_A1,2018-03-06 00:47:10,0,STOPPED
SPS_A1,2018-03-06 01:04:43,1,RUNNING
SPS_A1,2018-03-06 01:08:55,0,STOPPED
SPS_A1,2018-03-06 01:26:58,1,RUNNING
SPS_A1,2018-03-06 01:31:03,0,STOPPED
SPS_A1,2018-03-06 01:48:03,1,RUNNING
SPS_A1,2018-03-06 01:52:31,0,STOPPED
SPS_A1,2018-03-06 02:08:42,1,RUNNING
SPS_A1,2018-03-06 02:13:03,0,STOPPED
SPS_A1,2018-03-06 02:29:38,1,RUNNING
SPS_A1,2018-03-06 02:33:59,0,STOPPED
SPS_A1,2018-03-06 02:49:55,1,RUNNING
SPS_A1,2018-03-06 02:54:24,0,STOPPED
SPS_A1,2018-03-06 03:10:44,1,RUNNING
SPS_A1,2018-03-06 03:15:21,0,STOPPED
SPS_A1,2018-03-06 03:31:09,1,RUNNING
SPS_A1,2018-03-06 03:35:45,0,STOPPED
SPS_A1,2018-03-06 03:51:26,1,RUNNING
SPS_A1,2018-03-06 03:56:19,0,STOPPED
SPS_A1,2018-03-06 04:12:15,1,RUNNING
SPS_A1,2018-03-06 04:16:51,0,STOPPED
SPS_A1,2018-03-06 04:32:48,1,RUNNING
SPS_A1,2018-03-06 04:37:33,0,STOPPED
SPS_A1,2018-03-06 04:53:06,1,RUNNING
SPS_A1,2018-03-06 04:57:58,0,STOPPED
SPS_A1,2018-03-06 05:13:38,1,RUNNING
SPS_A1,2018-03-06 05:18:38,0,STOPPED
SPS_A1,2018-03-06 05:34:19,1,RUNNING
SPS_A1,2018-03-06 05:39:35,0,STOPPED
SPS_A1,2018-03-06 05:54:59,1,RUNNING
SPS_A1,2018-03-06 05:59:51,0,STOPPED
SPS_A1,2018-03-06 06:17:15,1,RUNNING
SPS_A1,2018-03-06 06:22:07,0,STOPPED
SPS_A1,2018-03-06 06:40:33,1,RUNNING
SPS_A1,2018-03-06 06:42:55,0,STOPPED
SPS_A1,2018-03-10 15:10:03,1,RUNNING
SPS_A1,2018-03-10 15:13:59,0,STOPPED
SPS_A1,2018-03-10 15:42:51,1,RUNNING
SPS_A1,2018-03-10 15:46:48,0,STOPPED
SPS_A1,2018-03-10 16:10:27,1,RUNNING
SPS_A1,2018-03-10 16:14:17,0,STOPPED
SPS_A1,2018-03-10 16:35:40,1,RUNNING
SPS_A1,2018-03-10 16:39:29,0,STOPPED
SPS_A1,2018-03-10 17:04:50,1,RUNNING
SPS_A1,2018-03-10 17:08:31,0,STOPPED
SPS_A1,2018-03-10 17:34:31,1,RUNNING
SPS_A1,2018-03-10 17:38:12,0,STOPPED
SPS_A1,2018-03-10 19:09:30,1,RUNNING
SPS_A1,2018-03-10 19:13:35,0,STOPPED
SPS_A1,2018-03-10 19:51:32,1,RUNNING
SPS_A1,2018-03-10 19:55:29,0,STOPPED
SPS_A1,2018-03-10 20:16:49,1,RUNNING
SPS_A1,2018-03-10 20:21:03,0,STOPPED
SPS_A1,2018-03-10 20:39:21,1,RUNNING
SPS_A1,2018-03-10 20:43:18,0,STOPPED
SPS_A1,2018-03-10 21:02:08,1,RUNNING
SPS_A1,2018-03-10 21:06:20,0,STOPPED
SPS_A1,2018-03-10 21:24:08,1,RUNNING
SPS_A1,2018-03-10 21:28:12,0,STOPPED
SPS_A1,2018-03-10 21:45:20,1,RUNNING
SPS_A1,2018-03-10 21:49:41,0,STOPPED
SPS_A1,2018-03-10 22:07:13,1,RUNNING
SPS_A1,2018-03-10 22:11:57,0,STOPPED
SPS_A1,2018-03-10 22:28:33,1,RUNNING
SPS_A1,2018-03-10 22:33:03,0,STOPPED
SPS_A1,2018-03-11 19:48:50,1,RUNNING
SPS_A1,2018-03-11 19:53:04,0,STOPPED
SPS_A1,2018-03-11 20:38:08,1,RUNNING
SPS_A1,2018-03-11 20:42:20,0,STOPPED
SPS_A1,2018-03-11 21:06:03,1,RUNNING
SPS_A1,2018-03-11 21:10:15,0,STOPPED
SPS_A1,2018-03-11 21:28:57,1,RUNNING
SPS_A1,2018-03-11 21:32:54,0,STOPPED
SPS_A1,2018-03-12 04:47:58,1,RUNNING
SPS_A1,2018-03-12 04:51:55,0,STOPPED
SPS_A1,2018-03-12 05:26:04,1,RUNNING
SPS_A1,2018-03-12 05:30:01,0,STOPPED
SPS_A1,2018-03-12 06:13:46,1,RUNNING
SPS_A1,2018-03-12 06:17:27,0,STOPPED
SPS_A1,2018-03-12 22:01:23,1,RUNNING
SPS_A1,2018-03-12 22:05:28,0,STOPPED
SPS_A1,2018-03-12 22:47:01,1,RUNNING
SPS_A1,2018-03-12 22:50:58,0,STOPPED
SPS_A1,2018-03-12 23:11:41,1,RUNNING
SPS_A1,2018-03-12 23:15:46,0,STOPPED
SPS_A1,2018-03-12 23:34:07,1,RUNNING
SPS_A1,2018-03-12 23:38:04,0,STOPPED
SPS_A1,2018-03-12 23:55:36,1,RUNNING
SPS_A1,2018-03-13 00:00:05,0,STOPPED
SPS_A1,2018-03-13 00:16:18,1,RUNNING
SPS_A1,2018-03-13 00:20:47,0,STOPPED
SPS_A1,2018-03-13 00:36:35,1,RUNNING
SPS_A1,2018-03-13 00:41:20,0,STOPPED
SPS_A1,2018-03-13 00:57:56,1,RUNNING
SPS_A1,2018-03-13 01:02:25,0,STOPPED
SPS_A1,2018-03-13 01:18:36,1,RUNNING
SPS_A1,2018-03-13 01:23:29,0,STOPPED
SPS_A1,2018-03-15 13:35:27,1,RUNNING
SPS_A1,2018-03-15 13:39:24,0,STOPPED
SPS_A1,2018-03-15 14:09:50,1,RUNNING
SPS_A1,2018-03-15 14:13:32,0,STOPPED
SPS_A1,2018-03-15 14:37:22,1,RUNNING
SPS_A1,2018-03-15 14:41:11,0,STOPPED
SPS_A1,2018-03-15 15:03:04,1,RUNNING
SPS_A1,2018-03-15 15:07:01,0,STOPPED
SPS_A1,2018-03-15 15:27:41,1,RUNNING
SPS_A1,2018-03-15 15:31:22,0,STOPPED
SPS_A1,2018-03-15 15:49:41,1,RUNNING
SPS_A1,2018-03-15 15:53:38,0,STOPPED
SPS_A1,2018-03-15 16:13:39,1,RUNNING
SPS_A1,2018-03-15 16:17:36,0,STOPPED
SPS_A1,2018-03-15 16:36:27,1,RUNNING
SPS_A1,2018-03-15 16:40:24,0,STOPPED
SPS_A1,2018-03-15 17:03:14,1,RUNNING
SPS_A1,2018-03-15 17:07:11,0,STOPPED
SPS_A1,2018-03-15 17:46:33,1,RUNNING
SPS_A1,2018-03-15 17:50:30,0,STOPPED
SPS_A1,2018-03-15 21:19:10,1,RUNNING
SPS_A1,2018-03-15 21:23:07,0,STOPPED
SPS_A1,2018-03-15 21:48:17,1,RUNNING
SPS_A1,2018-03-15 21:52:14,0,STOPPED
SPS_A1,2018-03-15 22:11:28,1,RUNNING
SPS_A1,2018-03-15 22:15:25,0,STOPPED
SPS_A1,2018-03-15 22:33:29,1,RUNNING
SPS_A1,2018-03-15 22:37:41,0,STOPPED
SPS_A1,2018-03-15 22:54:41,1,RUNNING
SPS_A1,2018-03-15 22:59:10,0,STOPPED
SPS_A1,2018-03-15 23:16:02,1,RUNNING
SPS_A1,2018-03-15 23:20:15,0,STOPPED
SPS_A1,2018-03-15 23:36:04,1,RUNNING
SPS_A1,2018-03-15 23:40:48,0,STOPPED
SPS_A1,2018-03-15 23:56:46,1,RUNNING
SPS_A1,2018-03-16 00:01:07,0,STOPPED
SPS_A1,2018-03-16 04:51:21,1,RUNNING
SPS_A1,2018-03-16 04:55:18,0,STOPPED
SPS_A1,2018-03-16 05:22:19,1,RUNNING
SPS_A1,2018-03-16 05:26:08,0,STOPPED
SPS_A1,2018-03-16 05:46:57,1,RUNNING
SPS_A1,2018-03-16 05:50:38,0,STOPPED
SPS_A1,2018-03-16 06:12:21,1,RUNNING
SPS_A1,2018-03-16 06:16:10,0,STOPPED
SPS_A1,2018-03-16 11:27:08,1,RUNNING
SPS_A1,2018-03-16 11:31:14,0,STOPPED
SPS_A1,2018-03-16 11:59:17,1,RUNNING
SPS_A1,2018-03-16 12:03:07,0,STOPPED
SPS_A1,2018-03-16 20:55:07,1,RUNNING
SPS_A1,2018-03-16 20:59:04,0,STOPPED
SPS_A1,2018-03-16 21:25:17,1,RUNNING
SPS_A1,2018-03-16 21:29:07,0,STOPPED
SPS_A1,2018-03-16 21:53:30,1,RUNNING
SPS_A1,2018-03-16 21:57:43,0,STOPPED
SPS_A1,2018-03-16 22:19:20,1,RUNNING
SPS_A1,2018-03-16 22:23:32,0,STOPPED
SPS_A1,2018-03-16 22:45:24,1,RUNNING
SPS_A1,2018-03-16 22:49:29,0,STOPPED
SPS_A1,2018-03-16 23:08:19,1,RUNNING
SPS_A1,2018-03-16 23:12:32,0,STOPPED
SPS_A1,2018-03-16 23:30:12,1,RUNNING
SPS_A1,2018-03-16 23:34:32,0,STOPPED
SPS_A1,2018-03-16 23:52:04,1,RUNNING
SPS_A1,2018-03-16 23:56:33,0,STOPPED
SPS_A1,2018-03-28 14:53:32,1,RUNNING
SPS_A1,2018-03-28 14:57:44,0,STOPPED
SPS_A1,2018-03-28 15:30:16,1,RUNNING
SPS_A1,2018-03-28 15:34:05,0,STOPPED
SPS_A1,2018-03-28 15:59:23,1,RUNNING
SPS_A1,2018-03-28 16:03:05,0,STOPPED
SPS_A1,2018-03-28 16:37:35,1,RUNNING
SPS_A1,2018-03-28 16:41:17,0,STOPPED
SPS_A1,2018-03-28 17:50:41,1,RUNNING
SPS_A1,2018-03-28 17:54:23,0,STOPPED
SPS_A1,2018-03-28 18:32:57,1,RUNNING
SPS_A1,2018-03-28 18:36:54,0,STOPPED
SPS_A1,2018-03-28 19:00:21,1,RUNNING
SPS_A1,2018-03-28 19:04:02,0,STOPPED
SPS_A1,2018-03-28 19:29:27,1,RUNNING
SPS_A1,2018-03-28 19:33:32,0,STOPPED
SPS_A1,2018-03-28 19:54:44,1,RUNNING
SPS_A1,2018-03-28 19:58:50,0,STOPPED
SPS_A1,2018-03-28 20:20:10,1,RUNNING
SPS_A1,2018-03-28 20:23:59,0,STOPPED
SPS_A1,2018-03-28 20:43:29,1,RUNNING
SPS_A1,2018-03-28 20:47:41,0,STOPPED
SPS_A1,2018-03-28 21:06:08,1,RUNNING
SPS_A1,2018-03-28 21:10:28,0,STOPPED
SPS_A1,2018-03-28 21:27:05,1,RUNNING
SPS_A1,2018-03-28 21:31:18,0,STOPPED
SPS_A1,2018-03-28 21:48:25,1,RUNNING
SPS_A1,2018-03-28 21:52:38,0,STOPPED
SPS_A1,2018-03-28 22:08:58,1,RUNNING
SPS_A1,2018-03-28 22:13:34,0,STOPPED
SPS_A1,2018-03-29 21:30:19,1,RUNNING
SPS_A1,2018-03-29 21:33:52,0,STOPPED
SPS_A1,2018-03-29 22:02:11,1,RUNNING
SPS_A1,2018-03-29 22:05:21,0,STOPPED
SPS_A1,2018-03-29 22:23:40,1,RUNNING
SPS_A1,2018-03-29 22:27:14,0,STOPPED
SPS_A1,2018-03-29 22:44:44,1,RUNNING
SPS_A1,2018-03-29 22:48:10,0,STOPPED
SPS_A1,2018-03-29 23:05:33,1,RUNNING
SPS_A1,2018-03-29 23:09:14,0,STOPPED
SPS_A1,2018-03-29 23:27:26,1,RUNNING
SPS_A1,2018-03-29 23:31:16,0,STOPPED
SPS_A1,2018-03-29 23:47:51,1,RUNNING
SPS_A1,2018-03-29 23:51:56,0,STOPPED
SPS_A1,2018-03-30 00:08:01,1,RUNNING
SPS_A1,2018-03-30 00:11:58,0,STOPPED
SPS_A1,2018-03-30 00:27:08,1,RUNNING
SPS_A1,2018-03-30 00:31:21,0,STOPPED
SPS_A1,2018-03-30 00:46:07,1,RUNNING
SPS_A1,2018-03-30 00:50:12,0,STOPPED
SPS_A1,2018-03-30 01:05:05,1,RUNNING
SPS_A1,2018-03-30 01:09:18,0,STOPPED
SPS_A1,2018-03-30 01:24:03,1,RUNNING
SPS_A1,2018-03-30 01:28:16,0,STOPPED
SPS_A1,2018-03-30 01:43:41,1,RUNNING
SPS_A1,2018-03-30 01:47:53,0,STOPPED
SPS_A1,2018-03-30 02:02:38,1,RUNNING
SPS_A1,2018-03-30 02:06:59,0,STOPPED
SPS_A1,2018-03-30 02:21:36,1,RUNNING
SPS_A1,2018-03-30 02:25:56,0,STOPPED
SPS_A1,2018-03-30 02:40:33,1,RUNNING
SPS_A1,2018-03-30 02:44:54,0,STOPPED
SPS_A1,2018-03-30 02:59:15,1,RUNNING
SPS_A1,2018-03-30 03:03:51,0,STOPPED
SPS_A1,2018-03-30 03:17:41,1,RUNNING
SPS_A1,2018-03-30 03:22:11,0,STOPPED
SPS_A1,2018-03-30 03:36:24,1,RUNNING
SPS_A1,2018-03-30 03:41:08,0,STOPPED
SPS_A1,2018-03-30 03:55:06,1,RUNNING
SPS_A1,2018-03-30 03:59:50,0,STOPPED
SPS_A1,2018-03-30 04:14:12,1,RUNNING
SPS_A1,2018-03-30 04:18:48,0,STOPPED
SPS_A1,2018-03-30 04:32:46,1,RUNNING
SPS_A1,2018-03-30 04:37:16,0,STOPPED
SPS_A1,2018-03-30 04:51:29,1,RUNNING
SPS_A1,2018-03-30 04:56:14,0,STOPPED
SPS_A1,2018-03-30 05:10:35,1,RUNNING
SPS_A1,2018-03-30 05:15:12,0,STOPPED
SPS_A1,2018-03-30 05:29:49,1,RUNNING
SPS_A1,2018-03-30 05:34:25,0,STOPPED
SPS_A1,2018-03-30 05:49:02,1,RUNNING
SPS_A1,2018-03-30 05:53:39,0,STOPPED
SPS_A1,2018-03-30 06:09:19,1,RUNNING
SPS_A1,2018-03-30 06:13:47,0,STOPPED
SPS_A1,2018-03-30 06:29:28,1,RUNNING
SPS_A1,2018-03-30 06:32:30,0,STOPPED
SPS_A1,2018-03-31 23:44:31,1,RUNNING
SPS_A1,2018-03-31 23:47:49,0,STOPPED
